{"sensor_pose":{"x":-4.05453,"y":7.91588,"z":1.29628,"qx":0.500011,"qy":-0.0557728,"qz":-0.107898,"qw":0.857459},"rgbd_filename":"2016-07-01-17-18-00.rgbd","timestamp":{"sec":1467386280,"nsec":310670375}}