{"sensor_pose":{"x":-3.9707,"y":7.81476,"z":1.2987,"qx":0.513957,"qy":-0.0125286,"qz":-0.0322744,"qw":0.857117},"rgbd_filename":"2016-07-01-17-19-40.rgbd","timestamp":{"sec":1467386379,"nsec":996622085}}