{"sensor_pose":{"x":-3.97087,"y":7.81291,"z":1.30048,"qx":0.524875,"qy":-0.0131036,"qz":-0.0318354,"qw":0.850483},"rgbd_filename":"2016-07-01-17-19-28.rgbd","timestamp":{"sec":1467386368,"nsec":849851608}}