{"sensor_pose":{"x":-4.05995,"y":7.92238,"z":1.29189,"qx":0.475229,"qy":-0.0326245,"qz":-0.0744172,"qw":0.876102},"rgbd_filename":"2016-07-01-17-18-15.rgbd","timestamp":{"sec":1467386295,"nsec":571141004}}