{"sensor_pose":{"x":-4.05335,"y":7.93579,"z":1.02741,"qx":0.342521,"qy":-0.0267554,"qz":-0.100687,"qw":0.933716},"rgbd_filename":"2016-07-01-17-17-51.rgbd","timestamp":{"sec":1467386271,"nsec":603351116}}