{"sensor_pose":{"x":-3.96953,"y":7.81445,"z":1.29872,"qx":0.513846,"qy":-0.0164754,"qz":-0.0388557,"qw":0.856844},"rgbd_filename":"2016-07-01-17-19-59.rgbd","timestamp":{"sec":1467386399,"nsec":274691820}}