{"sensor_pose":{"x":-4.06372,"y":7.8903,"z":1.38136,"qx":0.638161,"qy":-0.0621612,"qz":-0.0777747,"qw":0.763438},"rgbd_filename":"2016-07-01-17-18-06.rgbd","timestamp":{"sec":1467386286,"nsec":184743881}}