{"sensor_pose":{"x":-4.07283,"y":8.06584,"z":1.3253,"qx":0.381991,"qy":0.0395555,"qz":0.0723463,"qw":0.92048},"rgbd_filename":"2016-07-01-17-18-24.rgbd","timestamp":{"sec":1467386304,"nsec":669871091}}