{"sensor_pose":{"x":-4.07453,"y":7.84862,"z":1.39501,"qx":0.794437,"qy":-0.0224739,"qz":-0.012964,"qw":0.606792},"rgbd_filename":"2016-07-01-17-18-10.rgbd","timestamp":{"sec":1467386289,"nsec":996127843}}