{"sensor_pose":{"x":-4.13483,"y":7.85729,"z":1.26615,"qx":0.466588,"qy":0.0259494,"qz":0.0341301,"qw":0.883435},"rgbd_filename":"2016-07-01-17-18-42.rgbd","timestamp":{"sec":1467386322,"nsec":768627882}}