{"sensor_pose":{"x":4.73605,"y":4.89005,"z":1.38188,"qx":0.425055,"qy":-0.485273,"qz":-0.57687,"qw":0.501059},"rgbd_filename":"2016-07-01-09-47-44.rgbd","timestamp":{"sec":1467359264,"nsec":248014926}}