{"sensor_pose":{"x":4.891,"y":4.57842,"z":1.32337,"qx":0.241618,"qy":-0.286228,"qz":-0.72369,"qw":0.579626},"rgbd_filename":"2016-07-01-09-48-04.rgbd","timestamp":{"sec":1467359284,"nsec":7899045}}