{"sensor_pose":{"x":4.90491,"y":4.77384,"z":1.32236,"qx":0.268395,"qy":-0.254429,"qz":-0.656716,"qw":0.657232},"rgbd_filename":"2016-07-01-09-48-59.rgbd","timestamp":{"sec":1467359339,"nsec":287329912}}