{"sensor_pose":{"x":4.76835,"y":4.88739,"z":1.29292,"qx":0.325173,"qy":-0.354226,"qz":-0.655225,"qw":0.582637},"rgbd_filename":"2016-07-01-09-47-54.rgbd","timestamp":{"sec":1467359274,"nsec":419874429}}