{"sensor_pose":{"x":4.68868,"y":4.85426,"z":1.25224,"qx":0.333307,"qy":-0.343433,"qz":-0.639806,"qw":0.601339},"rgbd_filename":"2016-07-01-09-49-15.rgbd","timestamp":{"sec":1467359355,"nsec":423528671}}