{"sensor_pose":{"x":4.75148,"y":4.93281,"z":1.29706,"qx":0.327344,"qy":-0.387823,"qz":-0.666042,"qw":0.546651},"rgbd_filename":"2016-07-01-09-50-00.rgbd","timestamp":{"sec":1467359399,"nsec":929399728}}