{"sensor_pose":{"x":4.78431,"y":4.88631,"z":1.02691,"qx":0.234888,"qy":-0.247433,"qz":-0.700705,"qw":0.626591},"rgbd_filename":"2016-07-01-09-47-29.rgbd","timestamp":{"sec":1467359248,"nsec":985636234}}