{"sensor_pose":{"x":4.69464,"y":4.89805,"z":1.39499,"qx":0.562182,"qy":-0.561778,"qz":-0.426024,"qw":0.432273},"rgbd_filename":"2016-07-01-09-47-48.rgbd","timestamp":{"sec":1467359268,"nsec":356901645}}