{"sensor_pose":{"x":4.75157,"y":4.93111,"z":1.29668,"qx":0.32064,"qy":-0.387673,"qz":-0.673666,"qw":0.541363},"rgbd_filename":"2016-07-01-09-50-20.rgbd","timestamp":{"sec":1467359420,"nsec":186709403}}