{"sensor_pose":{"x":4.68759,"y":4.69875,"z":1.33076,"qx":0.272127,"qy":-0.345705,"qz":-0.716209,"qw":0.541738},"rgbd_filename":"2016-07-01-09-48-20.rgbd","timestamp":{"sec":1467359300,"nsec":54890871}}