{"sensor_pose":{"x":4.69655,"y":4.78945,"z":1.29986,"qx":0.370284,"qy":-0.369148,"qz":-0.609393,"qw":0.596036},"rgbd_filename":"2016-07-01-09-48-49.rgbd","timestamp":{"sec":1467359329,"nsec":791954040}}