{"sensor_pose":{"x":4.76299,"y":4.88525,"z":1.29739,"qx":0.337282,"qy":-0.382192,"qz":-0.652743,"qw":0.560443},"rgbd_filename":"2016-07-01-09-47-38.rgbd","timestamp":{"sec":1467359258,"nsec":82048654}}