{"sensor_pose":{"x":2.72804,"y":2.04221,"z":1.33952,"qx":0.424721,"qy":0.0563028,"qz":0.100508,"qw":0.897964},"rgbd_filename":"2016-07-03-12-32-09.rgbd","timestamp":{"sec":1467541929,"nsec":558063030}}