{"sensor_pose":{"x":2.48233,"y":2.12306,"z":1.29079,"qx":0.408245,"qy":-0.0365223,"qz":-0.10132,"qw":0.906497},"rgbd_filename":"2016-07-03-12-28-32.rgbd","timestamp":{"sec":1467541712,"nsec":475617885}}