{"sensor_pose":{"x":2.43677,"y":1.9442,"z":1.2859,"qx":0.461011,"qy":0.0404401,"qz":0.0621598,"qw":0.88429},"rgbd_filename":"2016-07-03-12-28-56.rgbd","timestamp":{"sec":1467541736,"nsec":348045825}}