{"sensor_pose":{"x":2.44428,"y":2.13194,"z":1.32492,"qx":0.381378,"qy":0.0451151,"qz":0.0857497,"qw":0.919327},"rgbd_filename":"2016-07-03-12-28-42.rgbd","timestamp":{"sec":1467541722,"nsec":847164154}}