{"sensor_pose":{"x":2.65521,"y":2.24231,"z":1.29171,"qx":0.411371,"qy":0.0262402,"qz":0.0381123,"qw":0.910293},"rgbd_filename":"2016-07-03-12-31-46.rgbd","timestamp":{"sec":1467541906,"nsec":275964736}}