{"sensor_pose":{"x":2.70515,"y":2.23591,"z":1.32387,"qx":0.371934,"qy":0.0443657,"qz":0.0860524,"qw":0.923196},"rgbd_filename":"2016-07-03-12-31-56.rgbd","timestamp":{"sec":1467541916,"nsec":836536169}}