{"sensor_pose":{"x":0.990115,"y":4.26899,"z":1.32772,"qx":0.344082,"qy":0.292194,"qz":0.565061,"qw":0.690606},"rgbd_filename":"2016-07-02-17-18-43.rgbd","timestamp":{"sec":1467472723,"nsec":803133249}}