{"sensor_pose":{"x":0.854511,"y":4.40217,"z":1.29079,"qx":0.326036,"qy":0.248391,"qz":0.536615,"qw":0.737595},"rgbd_filename":"2016-07-02-17-18-19.rgbd","timestamp":{"sec":1467472699,"nsec":346277713}}