{"sensor_pose":{"x":0.813146,"y":4.35745,"z":1.3251,"qx":0.279825,"qy":0.263026,"qz":0.61554,"qw":0.688205},"rgbd_filename":"2016-07-02-17-18-30.rgbd","timestamp":{"sec":1467472710,"nsec":303179740}}