{"sensor_pose":{"x":-41.0511,"y":-107.434,"z":1.31379,"qx":0.375092,"qy":0.136907,"qz":-0.231441,"qw":0.887129},"rgbd_filename":"2016-07-02-10-33-41.rgbd","timestamp":{"sec":1467448421,"nsec":586572408}}