{"sensor_pose":{"x":-40.701,"y":-109.64,"z":1.31827,"qx":0.312769,"qy":0.253491,"qz":0.879554,"qw":0.253579},"rgbd_filename":"2016-07-02-10-34-28.rgbd","timestamp":{"sec":1467448468,"nsec":343051671}}