{"sensor_pose":{"x":-39.0481,"y":-109.81,"z":1.31379,"qx":0.348655,"qy":0.19462,"qz":-0.0879282,"qw":0.912596},"rgbd_filename":"2016-07-02-10-35-20.rgbd","timestamp":{"sec":1467448520,"nsec":784388303}}