{"sensor_pose":{"x":-40.606,"y":-109.615,"z":1.31379,"qx":0.374458,"qy":-0.138631,"qz":-0.750917,"qw":0.526009},"rgbd_filename":"2016-07-02-10-34-34.rgbd","timestamp":{"sec":1467448474,"nsec":507577657}}