{"sensor_pose":{"x":-39.0058,"y":-109.904,"z":1.31827,"qx":-0.00983665,"qy":-0.402474,"qz":-0.763378,"qw":0.505146},"rgbd_filename":"2016-07-02-10-35-15.rgbd","timestamp":{"sec":1467448515,"nsec":9682416}}