{"sensor_pose":{"x":-41.0422,"y":-107.53,"z":1.31827,"qx":0.0734951,"qy":0.395829,"qz":0.833785,"qw":-0.377784},"rgbd_filename":"2016-07-02-10-33-36.rgbd","timestamp":{"sec":1467448416,"nsec":410496473}}