{"sensor_pose":{"x":2.43054,"y":3.07712,"z":1.29083,"qx":0.409868,"qy":0.00237727,"qz":-0.014853,"qw":0.912021},"rgbd_filename":"2016-07-01-18-02-09.rgbd","timestamp":{"sec":1467388929,"nsec":89096069}}