{"sensor_pose":{"x":10.2812,"y":2.30817,"z":1.29072,"qx":0.224529,"qy":0.342906,"qz":0.751887,"qw":0.5164},"rgbd_filename":"2016-07-01-10-34-31.rgbd","timestamp":{"sec":1467362071,"nsec":617213249}}