{"sensor_pose":{"x":10.3721,"y":2.29911,"z":1.30898,"qx":0.283827,"qy":0.32637,"qz":0.6684,"qw":0.605117},"rgbd_filename":"2016-07-01-10-34-59.rgbd","timestamp":{"sec":1467362099,"nsec":92341899}}