{"sensor_pose":{"x":10.1502,"y":2.36466,"z":1.32084,"qx":0.228221,"qy":0.281877,"qz":0.708101,"qw":0.60585},"rgbd_filename":"2016-07-01-10-34-43.rgbd","timestamp":{"sec":1467362083,"nsec":750936985}}