{"sensor_pose":{"x":3.30853,"y":2.72637,"z":1.32942,"qx":0.39909,"qy":0.0700439,"qz":0.137694,"qw":0.903804},"rgbd_filename":"2016-07-02-14-11-05.rgbd","timestamp":{"sec":1467461465,"nsec":95377445}}