{"sensor_pose":{"x":3.41559,"y":2.7067,"z":1.29081,"qx":0.395533,"qy":0.107477,"qz":0.219685,"qw":0.885292},"rgbd_filename":"2016-07-02-14-10-54.rgbd","timestamp":{"sec":1467461454,"nsec":621542215}}