{"sensor_pose":{"x":3.31687,"y":2.49306,"z":1.31801,"qx":0.484153,"qy":0.0574056,"qz":0.0895226,"qw":0.868496},"rgbd_filename":"2016-07-02-14-11-19.rgbd","timestamp":{"sec":1467461479,"nsec":176073312}}