{"sensor_pose":{"x":22.8346,"y":-6.51624,"z":1.31697,"qx":-0.189835,"qy":0.597922,"qz":0.74349,"qw":-0.231678},"rgbd_filename":"2016-07-01-12-06-22.rgbd","timestamp":{"sec":1467367582,"nsec":48330545}}