{"sensor_pose":{"x":22.8362,"y":-6.51756,"z":1.31612,"qx":-0.190625,"qy":0.589266,"qz":0.748426,"qw":-0.23725},"rgbd_filename":"2016-07-01-12-07-02.rgbd","timestamp":{"sec":1467367621,"nsec":966036796}}