{"sensor_pose":{"x":22.8475,"y":-6.53437,"z":1.06176,"qx":-0.161309,"qy":0.490466,"qz":0.816965,"qw":-0.256885},"rgbd_filename":"2016-07-01-12-06-13.rgbd","timestamp":{"sec":1467367573,"nsec":645892858}}