{"sensor_pose":{"x":22.8362,"y":-6.51755,"z":1.31613,"qx":-0.190626,"qy":0.589265,"qz":0.748425,"qw":-0.237252},"rgbd_filename":"2016-07-01-12-06-45.rgbd","timestamp":{"sec":1467367605,"nsec":628062486}}