{"sensor_pose":{"x":22.8359,"y":-6.51767,"z":1.31615,"qx":-0.189116,"qy":0.589752,"qz":0.74903,"qw":-0.235334},"rgbd_filename":"2016-07-01-12-07-10.rgbd","timestamp":{"sec":1467367630,"nsec":84381580}}