{"sensor_pose":{"x":22.8164,"y":-6.48868,"z":1.39272,"qx":-0.223554,"qy":0.715153,"qz":0.631457,"qw":-0.199604},"rgbd_filename":"2016-07-01-12-06-31.rgbd","timestamp":{"sec":1467367591,"nsec":846914768}}