{"sensor_pose":{"x":22.8353,"y":-6.51789,"z":1.31609,"qx":-0.186095,"qy":0.590712,"qz":0.750224,"qw":-0.231497},"rgbd_filename":"2016-07-01-12-06-53.rgbd","timestamp":{"sec":1467367613,"nsec":843219995}}