{"sensor_pose":{"x":22.8264,"y":-6.50275,"z":1.38742,"qx":-0.212486,"qy":0.657273,"qz":0.688251,"qw":-0.221703},"rgbd_filename":"2016-07-01-12-06-27.rgbd","timestamp":{"sec":1467367587,"nsec":821381330}}