{"sensor_pose":{"x":22.8385,"y":-6.51937,"z":1.31491,"qx":-0.191715,"qy":0.576502,"qz":0.755363,"qw":-0.245598},"rgbd_filename":"2016-07-01-12-06-37.rgbd","timestamp":{"sec":1467367597,"nsec":705965042}}